<?xml version="1.0" encoding="UTF-8"?>
<!DOCTYPE log4j:configuration PUBLIC "-//APACHE//DTD LOG4J 1.2//EN" "log4j.dtd">
<log4j:configuration xmlns:log4j="http://jakarta.apache.org/log4j/">

    <!-- Appenders -->
    <appender name="console" class="org.apache.log4j.ConsoleAppender">
        <param name="Target" value="System.out" />
        <layout class="org.apache.log4j.PatternLayout">
            <param name="ConversionPattern" value="%-5p: %c - %m%n" />
        </layout>
    </appender>

    <!-- Application Loggers -->
    <logger name="org.scoula.secserver.ex04.vet">
        <level value="info" />
    </logger>

    <!-- 3rdparty Loggers -->
    <logger name="org.springframework.core">
        <level value="info" />
    </logger>
    <logger name="org.springframework.beans">
<!--        어느 수준으로 로그를 찍을지 결정해준다 (debug가 info보다 낮은 수준)-->
        <level value="info" />
    </logger>

    <logger name="org.springframework.context">
        <level value="info" />
    </logger>

    <logger name="org.springframework.web">
        <level value="info" />
    </logger>
    <!--    sql을 제외한 나머지 부분들의 레벨은 출력되지 않도록 warn으로 올린다-->
    <logger name="jdbc.audit">
        <level value="warn" />
    </logger>
    <logger name="jdbc.resultset">
        <level value="warn" />
    </logger>
    <logger name="jdbc.connection">
        <level value="warn" />
    </logger>
    <logger name="jdbc.sqlonly">
        <level value="info" />
    </logger>
    <!-- Root Logger -->
    <root>
        <priority value="info" />
        <appender-ref ref="console" />
    </root>

</log4j:configuration>
